{"cameraMode":{"drawMode":0,"name":"Shaded","section":"Shading Mode"},"sceneLighting":true,"audioPlay":false,"sceneViewState":{"showFog":true,"showMaterialUpdate":false,"showSkybox":true,"showFlares":true,"showImageEffects":true,"showParticleSystems":true},"in2DMode":false,"pivot":{"x":1.5874230861663819,"y":1.515480875968933,"z":-0.7848031520843506},"rotation":{"x":0.46443355083465578,"y":0.004519297741353512,"z":-0.002366275293752551,"w":0.885598361492157},"size":27.023235321044923,"orthographic":false}