{"cameraMode":{"drawMode":0,"name":"Shaded","section":"Shading Mode"},"sceneLighting":true,"audioPlay":false,"sceneViewState":{"showFog":true,"showMaterialUpdate":false,"showSkybox":true,"showFlares":true,"showImageEffects":true,"showParticleSystems":true},"in2DMode":false,"pivot":{"x":0.9312076568603516,"y":3.676013946533203,"z":2.4778366088867189},"rotation":{"x":0.5543931722640991,"y":-0.1370636522769928,"z":0.09316911548376084,"w":0.815593957901001},"size":28.853479385375978,"orthographic":false}