{"cameraMode":{"drawMode":0,"name":"Shaded","section":"Shading Mode"},"sceneLighting":false,"audioPlay":false,"sceneViewState":{"showFog":true,"showMaterialUpdate":false,"showSkybox":false,"showFlares":true,"showImageEffects":true,"showParticleSystems":true},"in2DMode":false,"pivot":{"x":-0.2505640983581543,"y":1.004922866821289,"z":0.748128354549408},"rotation":{"x":0.21971561014652253,"y":0.6907877326011658,"z":-0.2343028038740158,"w":0.6478026509284973},"size":13.454659461975098,"orthographic":false}