{"cameraMode":{"drawMode":0,"name":"Shaded","section":"Shading Mode"},"sceneLighting":true,"audioPlay":false,"sceneViewState":{"showFog":true,"showMaterialUpdate":false,"showSkybox":true,"showFlares":true,"showImageEffects":true,"showParticleSystems":true},"in2DMode":false,"pivot":{"x":2.2473185062408449,"y":1.0732841491699219,"z":-7.609004974365234},"rotation":{"x":0.20016714930534364,"y":-0.05904990807175636,"z":0.01213012170046568,"w":0.9779372811317444},"size":6.858921527862549,"orthographic":false}