{"cameraMode":{"drawMode":0,"name":"Shaded","section":"Shading Mode"},"sceneLighting":true,"audioPlay":false,"sceneViewState":{"showFog":true,"showMaterialUpdate":false,"showSkybox":true,"showFlares":true,"showImageEffects":true,"showParticleSystems":true},"in2DMode":false,"pivot":{"x":332.56182861328127,"y":58.343170166015628,"z":-113.84492492675781},"rotation":{"x":0.15472905337810517,"y":-0.02370586059987545,"z":0.0037347215693444015,"w":0.9876751899719238},"size":233.34524536132813,"orthographic":false}