{"cameraMode":{"drawMode":0,"name":"Shaded","section":"Shading Mode"},"sceneLighting":true,"audioPlay":false,"sceneViewState":{"showFog":true,"showMaterialUpdate":false,"showSkybox":true,"showFlares":true,"showImageEffects":true,"showParticleSystems":true},"in2DMode":false,"pivot":{"x":-8.99524211883545,"y":-8.349746704101563,"z":11.917814254760743},"rotation":{"x":-0.31346753239631655,"y":-0.2879810333251953,"z":0.10038110613822937,"w":-0.8993030786514282},"size":48.837032318115237,"orthographic":false}