{"cameraMode":{"drawMode":0,"name":"Shaded","section":"Shading Mode"},"sceneLighting":false,"audioPlay":false,"sceneViewState":{"showFog":true,"showMaterialUpdate":false,"showSkybox":true,"showFlares":true,"showImageEffects":true,"showParticleSystems":true},"in2DMode":false,"pivot":{"x":4.76837158203125e-7,"y":1.0,"z":-10.000000953674317},"rotation":{"x":0.26791855692863467,"y":-0.1081046611070633,"z":0.030267875641584398,"w":0.956883430480957},"size":3.8956148624420168,"orthographic":false}