{"cameraMode":{"drawMode":0,"name":"Shaded","section":"Shading Mode"},"sceneLighting":true,"audioPlay":false,"sceneViewState":{"showFog":true,"showMaterialUpdate":false,"showSkybox":true,"showFlares":true,"showImageEffects":true,"showParticleSystems":true},"in2DMode":false,"pivot":{"x":165.24063110351563,"y":378.9864501953125,"z":0.0},"rotation":{"x":0.1167200431227684,"y":-0.014897355809807778,"z":0.0017508321907371283,"w":0.9930518865585327},"size":57.80643081665039,"orthographic":false}