{"cameraMode":{"drawMode":0,"name":"Shaded","section":"Shading Mode"},"sceneLighting":false,"audioPlay":false,"sceneViewState":{"showFog":true,"showMaterialUpdate":false,"showSkybox":false,"showFlares":true,"showImageEffects":true,"showParticleSystems":true},"in2DMode":false,"pivot":{"x":-0.5605506896972656,"y":1.3817520141601563,"z":0.20814251899719239},"rotation":{"x":0.21971561014652253,"y":0.6907877326011658,"z":-0.2343028038740158,"w":0.6478026509284973},"size":12.880410194396973,"orthographic":false}