{"cameraMode":{"drawMode":0,"name":"Shaded","section":"Shading Mode"},"sceneLighting":false,"audioPlay":false,"sceneViewState":{"showFog":true,"showMaterialUpdate":false,"showSkybox":false,"showFlares":true,"showImageEffects":true,"showParticleSystems":true},"in2DMode":false,"pivot":{"x":-0.6117590069770813,"y":0.05206298828125,"z":0.3739328384399414},"rotation":{"x":0.5545209646224976,"y":0.021212801337242128,"z":-0.014148401096463204,"w":0.8317857384681702},"size":16.76202964782715,"orthographic":false}