{"cameraMode":{"drawMode":0,"name":"Shaded","section":"Shading Mode"},"sceneLighting":true,"audioPlay":false,"sceneViewState":{"showFog":true,"showMaterialUpdate":false,"showSkybox":true,"showFlares":true,"showImageEffects":true,"showParticleSystems":true},"in2DMode":false,"pivot":{"x":40.08906555175781,"y":1.0,"z":-7.672149181365967},"rotation":{"x":0.03215363249182701,"y":0.12113800644874573,"z":-0.00392679451033473,"w":0.9921119809150696},"size":6.6434149742126469,"orthographic":false}