{"cameraMode":{"drawMode":0,"name":"Shaded","section":"Shading Mode"},"sceneLighting":false,"audioPlay":false,"sceneViewState":{"showFog":true,"showMaterialUpdate":false,"showSkybox":false,"showFlares":true,"showImageEffects":true,"showParticleSystems":true},"in2DMode":false,"pivot":{"x":0.7170181274414063,"y":1.1251792907714844,"z":-1.0904340744018555},"rotation":{"x":0.21971561014652253,"y":0.6907877326011658,"z":-0.2343028038740158,"w":0.6478026509284973},"size":24.59783363342285,"orthographic":false}