{"cameraMode":{"drawMode":0,"name":"Shaded","section":"Shading Mode"},"sceneLighting":true,"audioPlay":false,"sceneViewState":{"showFog":true,"showMaterialUpdate":false,"showSkybox":true,"showFlares":true,"showImageEffects":true,"showParticleSystems":true},"in2DMode":false,"pivot":{"x":25.462600708007814,"y":18.417736053466798,"z":1.43353271484375},"rotation":{"x":0.14050225913524629,"y":-0.020790113136172296,"z":0.0029509516898542644,"w":0.9898582696914673},"size":103.9041748046875,"orthographic":false}