{"cameraMode":{"drawMode":0,"name":"Shaded","section":"Shading Mode"},"sceneLighting":false,"audioPlay":false,"sceneViewState":{"showFog":true,"showMaterialUpdate":false,"showSkybox":false,"showFlares":true,"showImageEffects":true,"showParticleSystems":true},"in2DMode":false,"pivot":{"x":1.0119705200195313,"y":2.2177515029907228,"z":1.7428871393203736},"rotation":{"x":0.21971561014652253,"y":0.6907877326011658,"z":-0.2343028038740158,"w":0.6478026509284973},"size":8.657299041748047,"orthographic":false}