{"cameraMode":{"drawMode":0,"name":"Shaded","section":"Shading Mode"},"sceneLighting":true,"audioPlay":false,"sceneViewState":{"showFog":true,"showMaterialUpdate":false,"showSkybox":true,"showFlares":true,"showImageEffects":true,"showParticleSystems":true},"in2DMode":false,"pivot":{"x":71.62513732910156,"y":-27.55704116821289,"z":66.66419219970703},"rotation":{"x":-0.5766530632972717,"y":0.17713454365730287,"z":-0.1298035830259323,"w":-0.7869235873222351},"size":37.37644577026367,"orthographic":true}