{"cameraMode":{"drawMode":0,"name":"Shaded","section":"Shading Mode"},"sceneLighting":false,"audioPlay":false,"sceneViewState":{"showFog":true,"showMaterialUpdate":false,"showSkybox":true,"showFlares":true,"showImageEffects":true,"showParticleSystems":true},"in2DMode":false,"pivot":{"x":-0.0000036638157325796785,"y":0.9999161958694458,"z":0.0004842044145334512},"rotation":{"x":0.0290535856038332,"y":-0.7348908185958862,"z":0.03154445067048073,"w":0.6768342852592468},"size":11.6893949508667,"orthographic":false}