{"cameraMode":{"drawMode":0,"name":"Shaded","section":"Shading Mode"},"sceneLighting":false,"audioPlay":false,"sceneViewState":{"showFog":true,"showMaterialUpdate":false,"showSkybox":false,"showFlares":true,"showImageEffects":true,"showParticleSystems":true},"in2DMode":false,"pivot":{"x":0.8032819032669067,"y":1.236684799194336,"z":0.6310136318206787},"rotation":{"x":0.36929914355278017,"y":0.13450931012630464,"z":-0.05412039905786514,"w":0.9179370999336243},"size":5.0683512687683109,"orthographic":false}