{"cameraMode":{"drawMode":0,"name":"Shaded","section":"Shading Mode"},"sceneLighting":false,"audioPlay":false,"sceneViewState":{"showFog":true,"showMaterialUpdate":false,"showSkybox":true,"showFlares":true,"showImageEffects":true,"showParticleSystems":true},"in2DMode":false,"pivot":{"x":-0.4059786796569824,"y":1.4683423042297364,"z":-8.855204582214356},"rotation":{"x":0.32800573110580447,"y":-0.1963859498500824,"z":0.06991397589445114,"w":0.9213950634002686},"size":6.108119964599609,"orthographic":false}