{"cameraMode":{"drawMode":0,"name":"Shaded","section":"Shading Mode"},"sceneLighting":true,"audioPlay":false,"sceneViewState":{"showFog":true,"showMaterialUpdate":false,"showSkybox":true,"showFlares":true,"showImageEffects":true,"showParticleSystems":true},"in2DMode":false,"pivot":{"x":-47.66777801513672,"y":-17.625,"z":124.11064147949219},"rotation":{"x":0.418857604265213,"y":-0.0503544881939888,"z":0.023270489647984506,"w":0.906356155872345},"size":346.61602783203127,"orthographic":false}