{"cameraMode":{"drawMode":0,"name":"Shaded","section":"Shading Mode"},"sceneLighting":false,"audioPlay":false,"sceneViewState":{"showFog":true,"showMaterialUpdate":false,"showSkybox":false,"showFlares":true,"showImageEffects":true,"showParticleSystems":true},"in2DMode":false,"pivot":{"x":2.5574588775634767,"y":-7.086835861206055,"z":8.88707447052002},"rotation":{"x":0.36929914355278017,"y":0.13450931012630464,"z":-0.05412039905786514,"w":0.9179370999336243},"size":15.398073196411133,"orthographic":false}