{"cameraMode":{"drawMode":0,"name":"Shaded","section":"Shading Mode"},"sceneLighting":true,"audioPlay":false,"sceneViewState":{"showFog":true,"showMaterialUpdate":false,"showSkybox":true,"showFlares":true,"showImageEffects":true,"showParticleSystems":true},"in2DMode":false,"pivot":{"x":60.96973419189453,"y":-50.240997314453128,"z":87.50212097167969},"rotation":{"x":0.36468443274497988,"y":-0.06973925977945328,"z":0.02740275114774704,"w":0.928111732006073},"size":299.4747619628906,"orthographic":false}