{"cameraMode":{"drawMode":0,"name":"Shaded","section":"Shading Mode"},"sceneLighting":true,"audioPlay":false,"sceneViewState":{"showFog":true,"showMaterialUpdate":false,"showSkybox":true,"showFlares":true,"showImageEffects":true,"showParticleSystems":true},"in2DMode":false,"pivot":{"x":-38.75819396972656,"y":23.590503692626954,"z":54.63451385498047},"rotation":{"x":0.6263513565063477,"y":0.17311005294322968,"z":-0.14533516764640809,"w":0.7460524439811707},"size":66.16507720947266,"orthographic":false}