{"cameraMode":{"drawMode":0,"name":"Shaded","section":"Shading Mode"},"sceneLighting":true,"audioPlay":false,"sceneViewState":{"showFog":true,"showMaterialUpdate":false,"showSkybox":true,"showFlares":true,"showImageEffects":true,"showParticleSystems":true},"in2DMode":false,"pivot":{"x":47.42729187011719,"y":2.001234769821167,"z":-5.5564398765563969},"rotation":{"x":0.32771730422973635,"y":-0.008496381342411042,"z":0.00296933320350945,"w":0.9447433352470398},"size":17.631534576416017,"orthographic":false}