{"cameraMode":{"drawMode":0,"name":"Shaded","section":"Shading Mode"},"sceneLighting":false,"audioPlay":false,"sceneViewState":{"showFog":true,"showMaterialUpdate":false,"showSkybox":true,"showFlares":true,"showImageEffects":true,"showParticleSystems":true},"in2DMode":false,"pivot":{"x":-0.0000036638157325796785,"y":0.9999161958694458,"z":0.0004842044145334512},"rotation":{"x":0.33676451444625857,"y":-0.5325940251350403,"z":0.24323001503944398,"w":0.7374162673950195},"size":25.450122833251954,"orthographic":false}